ID;CPF;RG
1;615.748.293-19;762051383
2;752.638.491-09;216540379
3;138.796.542-55;382640718
4;093.216.485-42;147283504
5;497.261.850-76;214058670
6;369.102.548-05;253078167
7;250.489.617-49;230487567
8;926.813.705-40;107358244
9;856.279.430-92;784326101
10;136.247.850-44;065842315
11;703.185.496-20;573640816
12;819.436.507-48;620847530
13;318.270.469-96;108476522
14;916.753.208-02;436810724
15;634.970.258-10;213586046
16;816.470.532-26;580347266
17;137.029.546-43;825073418
18;567.409.283-47;756021480
19;265.309.478-92;761024384
20;197.345.608-75;820431655
21;876.150.932-95;648257010
22;530.714.962-06;263145803
23;657.321.809-40;514732805
24;850.476.139-84;570413266
25;758.142.063-90;681327509
26;705.316.482-90;826430715
27;689.042.513-89;187204561
28;561.940.873-66;302857461
29;179.864.523-82;714568302
30;675.809.124-49;650831470
31;742.538.901-05;75041862X
32;467.825.310-62;832564011
33;548.192.736-55;024538176
34;845.037.621-17;627140580
35;687.104.953-39;023185478
36;964.538.270-00;234076513
37;963.581.470-48;268134054
38;428.965.013-98;08732541X
39;578.032.691-68;731568242
40;378.562.109-40;183672458
41;832.576.041-90;524173060
42;036.817.294-50;628351744
43;023.185.467-62;806273410
44;097.834.621-13;810742652
45;401.528.367-80;468703159
46;927.638.405-74;378016544
47;940.537.128-23;183457201
48;038.154.627-62;03751846X
49;867.520.143-53;675813049
50;960.748.123-22;406851372
51;542.309.168-33;287341562
52;968.423.051-60;71568324X
53;692.437.105-16;246308515
54;123.975.640-25;384657023
55;497.820.361-96;861072352
56;509.812.764-58;673428503
57;075.129.436-52;256738142
58;183.426.790-04;072843160
59;361.254.907-34;304127589
60;941.675.023-99;165478238
61;634.581.902-60;684130257
62;371.895.240-88;715630829
63;986.273.051-02;752416303
64;732.958.016-30;602784530
65;083.571.249-41;152763806
66;298.347.065-29;830157463
67;791.428.063-13;046173286
68;935.412.078-41;85147620X
69;423.076.198-87;856071237
70;791.325.604-43;461057323
71;175.394.806-10;863475024
72;487.295.360-65;762185430
73;560.129.873-40;687321542
74;256.349.817-19;370864128
75;195.743.608-57;265780317
76;105.827.963-77;087136545
77;961.708.523-21;458031276
78;249.315.760-52;371056482
79;705.136.892-30;105248733
80;310.759.628-03;526301788
81;812.769.540-85;675218032
82;428.531.970-50;728046519
83;815.403.729-79;278305647
84;902.763.548-00;728051643
85;341.805.972-41;617485021
86;407.398.561-20;721803647
87;546.730.891-20;14578230X
88;765.384.029-92;861753240
89;034.169.257-34;512786409
90;780.692.435-38;623748058
91;328.719.645-64;042157389
92;863.049.271-69;534016285
93;907.354.162-06;470613257
94;417.560.328-07;823560478
95;389.120.765-40;631258747
96;560.182.379-03;408216530
97;807.964.523-00;14305286X
98;130.896.574-57;164273086
99;461.503.879-84;837025643
100;830.496.215-24;670452130
101;459.372.108-32;371645086
102;082.543.971-04;421386575
103;032.587.496-47;148632701
104;698.542.301-98;470382156
105;826.795.403-10;781354201
106;148.390.627-22;465237010
107;529.483.076-00;736580414
108;407.952.613-06;46201387X
109;734.528.916-82;206457182
110;389.216.074-04;736018451
111;871.423.056-90;586042131
112;280.765.914-49;64158037X
113;512.409.637-34;538602715
114;845.967.130-57;428157609
115;386.405.129-06;482701365
116;296.041.753-43;756042380
117;692.308.714-78;746853026
118;983.257.460-92;248130560
119;827.513.640-71;34860175X
120;203.189.567-21;037216843
121;078.934.256-10;438256104
122;750.134.968-10;137408250
123;832.570.491-88;61037428X
124;728.965.013-12;358426170
125;267.583.041-08;604751321
126;092.538.461-51;386725408
127;631.892.745-09;714082533
128;279.143.508-50;352816041
129;318.902.546-06;163827059
130;146.908.732-40;247586109
131;542.068.391-15;13028547X
132;263.749.158-28;763824513
133;425.870.936-00;120438677
134;354.792.806-00;587240131
135;756.843.091-00;718324560
136;605.231.987-95;268103756
137;687.423.905-83;580461373
138;819.274.630-50;261357402
139;086.921.743-78;378540129
140;324.508.176-62;610583426
141;260.394.781-87;738162048
142;708.542.936-47;614538701
143;903.124.657-34;341820672
144;058.421.693-98;725341087
145;623.791.405-61;024736181
146;971.685.234-73;243560175
147;259.346.187-09;821605343
148;264.107.958-58;314725088
149;596.741.802-49;047821358
150;409.628.751-20;128743566
151;856.203.714-17;514806230
152;541.986.023-60;573248606
153;768.530.942-47;265481739
154;591.607.342-99;370458126
155;362.079.581-95;356841078
156;072.598.136-95;136048274
157;320.697.154-34;762501431
158;214.085.769-02;768514204
159;059.847.126-01;32147806X
160;475.690.128-01;837041624
161;625.841.397-82;07241568X
162;905.241.836-51;436521805
163;395.702.841-88;531724086
164;486.710.293-87;085174269
165;590.683.472-92;408125676
166;470.916.582-30;41856730X
167;520.938.176-59;531724803
168;073.589.462-00;042681352
169;913.567.482-28;142867305
170;643.829.157-91;178346500
171;249.675.081-11;548637210
172;061.529.748-01;568103427
173;305.897.641-01;687103459
174;278.954.016-02;27143806X
175;684.723.059-29;058617231
176;296.478.015-30;458130722
177;631.208.495-70;683027451
178;492.813.657-82;702345611
179;983.241.657-46;750136844
180;870.395.641-57;653187427
181;031.427.968-78;058172348
182;768.190.354-20;730865241
183;978.645.103-10;621753488
184;947.620.135-52;230764587
185;742.580.391-79;805247312
186;293.045.671-06;873261409
187;537.940.862-10;653027485
188;530.286.794-00;083471625
189;409.723.568-00;215784637
190;461.983.720-22;456217381
191;348.071.962-78;785603244
192;614.027.389-78;524683700
193;123.958.470-97;478325101
194;753.280.694-47;685721346
195;924.735.608-38;847630511
196;814.560.279-30;421058377
197;475.860.319-75;045218675
198;713.982.560-21;738504269
199;691.407.583-20;528671030
200;258.409.637-47;361870450
201;029.876.534-92;532176042
202;237.096.518-59;507124364
203;591.432.708-32;762310583
204;936.847.502-47;180653271
205;150.694.827-85;530461729
206;085.249.631-15;318564075
207;807.465.392-74;256734811
208;260.541.397-70;032615875
209;481.039.256-24;671824508
210;135.968.740-84;023568173
211;615.948.723-09;346078210
212;614.370.925-43;513627042
213;389.405.721-14;157840633
214;816.974.253-64;047521867
215;051.879.264-11;314856274
216;379.064.158-84;532804764
217;947.652.310-70;756324014
218;538.946.712-46;785023616
219;934.620.758-29;605784310
220;940.685.372-83;085124679
221;645.193.820-33;513876200
222;197.254.836-00;35162708X
223;615.439.870-01;856127437
224;256.790.814-58;720385611
225;167.023.945-43;764350183
226;783.410.259-14;263574817
227;397.254.681-55;158236403
228;120.458.379-04;410763251
229;316.285.970-03;75461038X
230;387.041.295-04;032476152
231;297.345.608-83;563027411
232;738.614.902-69;476058211
233;509.368.472-47;461832501
234;913.856.042-98;075238160
235;360.125.978-86;613572488
236;824.031.675-17;521860738
237;957.821.643-28;856032475
238;743.695.210-25;681257349
239;032.175.689-40;283160755
240;504.239.617-99;361058470
241;508.291.674-20;184530271
242;073.821.649-69;520163849
243;378.264.501-44;813024675
244;325.806.149-15;745120386
245;278.194.350-97;28741503X
246;870.395.461-75;825361709
247;579.328.160-68;584307263
248;569.143.780-10;408765215
249;659.247.831-46;462875039
250;053.298.714-41;450867328
251;584.936.207-00;571024683
252;842.930.657-92;137042863
253;156.470.289-85;012578368
254;678.135.420-53;62057138X
255;301.524.968-15;801345728
256;695.427.038-56;561428736
257;134.509.276-80;684157238
258;578.342.916-37;286107430
259;791.604.528-11;754830263
260;540.319.267-07;65318704X
261;418.960.725-85;761253488
262;207.649.385-92;650274180
263;078.915.364-57;654237815
264;785.061.239-68;60821534X
265;205.734.698-65;765248311
266;043.785.916-93;067354129
267;835.976.014-48;136428058
268;286.435.910-33;082674516
269;238.517.064-71;041576834
270;498.732.615-91;780652149
271;496.015.237-07;182305764
272;764.203.985-92;387015243
273;705.498.123-50;60123487X
274;639.785.412-46;406732152
275;490.168.572-49;764081238
276;670.819.345-01;643012588
277;972.386.514-91;852476310
278;327.068.419-31;057362488
279;207.356.841-62;237615848
280;935.706.214-99;687154200
281;375.249.601-07;715684309
282;368.752.094-38;264758109
283;973.165.840-84;76051284X
284;764.190.385-10;073425618
285;235.864.109-05;632708542
286;328.965.071-59;130256870
287;830.972.165-02;07548321X
288;510.726.394-16;13560784X
289;108.235.674-35;73284650X
290;752.683.091-02;145862070
291;021.675.839-40;125360782
292;763.940.285-92;152037482
293;890.716.542-49;384216572
294;658.213.947-91;185360245
295;216.895.307-40;42617835X
296;586.791.203-59;314857060
297;416.538.097-01;716530429
298;397.028.154-79;278463101
299;038.675.914-66;35670418X
300;287.590.431-05;01728465X
301;106.389.524-33;015376424
302;431.578.029-41;256403788
303;384.217.560-44;264108371
304;826.703.549-47;086743156
305;592.410.876-76;740265386
306;279.483.051-14;201476381
307;538.497.216-55;630245186
308;862.175.039-21;128564076
309;428.963.507-56;186527342
310;137.048.562-07;583417620
311;038.659.247-00;032516848
312;601.723.948-13;475102381
313;842.519.637-09;307284657
314;280.147.369-31;854276312
315;630.419.528-15;256140376
316;640.218.537-07;016874250
317;734.680.912-22;064217851
318;354.068.927-38;028153741
319;256.410.378-26;542136703
320;742.853.096-29;450123686
321;978.625.431-73;128460751
322;743.926.805-92;768310246
323;169.342.078-31;854621374
324;714.620.389-13;185743067
325;795.410.328-50;824571605
326;579.346.801-39;764138029
327;295.186.407-85;673421855
328;396.275.148-37;374680127
329;891.027.635-59;276458035
330;431.589.076-66;275630183
331;874.065.329-38;645270180
332;943.085.216-70;78423601X
333;647.182.390-87;476081233
334;950.786.341-93;084573211
335;045.823.791-41;736045120
336;829.061.574-49;132045680
337;184.720.569-02;704628351
338;376.842.059-00;318207564
339;137.204.986-03;807461234
340;108.345.962-70;352671488
341;426.958.713-09;438501263
342;201.835.974-60;024758310
343;257.963.410-06;053281469
344;921.435.086-89;657180427
345;723.860.519-86;126843508
346;851.760.239-03;156387049
347;120.597.364-80;071352466
348;526.378.901-77;281357407
349;281.490.563-51;83542716X
350;876.203.549-56;508167231
351;821.056.743-80;045286310
352;502.843.719-04;382704617
353;079.865.234-92;582074617
354;847.259.630-38;614502780
355;762.801.954-49;745310680
356;786.402.315-08;745386210
357;924.536.017-25;120645786
358;539.074.268-00;407612580
359;372.456.908-47;731054684
360;071.489.235-14;018372545
361;257.091.836-95;034271685
362;849.203.157-32;802751362
363;318.096.752-86;864573200
364;037.584.629-83;104275637
365;356.240.789-00;487261057
366;940.276.581-67;52847036X
367;523.968.417-00;325641705
368;271.584.930-32;47265830X
369;851.903.672-40;067342188
370;047.369.215-52;608453213
371;482.653.019-60;380471620
372;736.954.081-20;210867346
373;162.847.039-96;257036143
374;718.620.439-22;042765183
375;390.786.541-39;205173469
376;265.094.138-33;215803462
377;719.468.025-49;741263853
378;021.354.789-97;708326419
379;431.609.875-66;861234078
380;623.908.471-96;417823605
381;271.903.586-68;518304279
382;861.092.754-76;067582345
383;742.639.508-10;214685378
384;531.682.497-00;261308579
385;218.504.796-58;165827403
386;964.023.587-38;054682137
387;047.569.813-48;138526072
388;065.123.487-53;768543216
389;921.586.437-73;063128755
390;456.891.027-76;576103846
391;175.968.342-64;62187453X
392;908.652.437-00;862473512
393;741.965.382-82;402157631
394;947.218.603-31;05362841X
395;024.871.693-03;831602478
396;620.495.831-33;87416350X
397;062.395.748-56;701483258
398;207.983.514-97;810246351
399;482.169.705-01;75082461X
400;742.693.801-87;023574860
401;706.482.391-87;763204183
402;156.390.472-16;086547124
403;596.870.431-48;635824103
404;359.817.460-84;136840279
405;450.138.279-14;621753804
406;984.725.316-19;671283546
407;845.792.103-79;740128565
408;046.278.931-40;087425634
409;953.847.602-65;542617808
410;326.547.109-80;470532816
411;891.067.523-30;052178638
412;913.785.602-21;658273401
413;215.736.408-08;835024672
414;694.072.351-06;758421035
415;793.685.102-02;350812767
416;963.154.082-06;408521363
417;426.185.930-06;173865422
418;871.463.205-53;651482707
419;635.709.241-06;410827368
420;608.752.934-92;475862314
421;965.124.380-51;810752347
422;906.518.342-60;073612856
423;042.739.651-43;026485175
424;423.195.706-16;480731524
425;639.812.470-78;248610375
426;028.795.641-58;745801638
427;312.749.085-23;641527834
428;937.204.168-87;784265306
429;031.596.248-89;734862106
430;750.816.243-90;617432806
431;269.718.304-31;180457238
432;759.643.281-64;184036574
433;642.970.813-69;283170566
434;103.976.854-75;582067315
435;679.038.254-29;32064781X
436;169.804.273-69;318270547
437;703.589.241-97;513647806
438;752.941.083-05;026785341
439;542.906.731-80;175602438
440;764.095.381-20;260854372
441;630.851.927-86;260137546
442;614.370.258-62;154327864
443;812.069.475-94;187420531
444;369.402.751-34;735081268
445;867.013.249-40;045861729
446;852.936.104-06;761320842
447;465.180.293-15;623548070
448;698.201.743-50;32485061X
449;046.859.132-05;762430187
450;978.653.120-59;576321084
451;429.857.301-04;380751628
452;925.160.743-52;145068730
453;328.564.170-35;801356246
454;436.257.891-91;240365872
455;625.973.840-47;82403756X
456;152.039.648-15;481032654
457;460.389.251-98;306528174
458;984.650.273-74;036241751
459;567.320.918-59;03651827X
460;289.361.540-60;632851740
461;832.764.150-62;37140826X
462;870.695.432-47;716042381
463;791.065.248-85;384760120
464;416.357.028-44;164028353
465;850.362.794-92;271063853
466;013.924.658-42;213057645
467;703.564.298-65;503164781
468;749.630.281-31;368147526
469;386.127.054-44;756301427
470;968.024.357-56;281364503
471;754.869.123-82;541630726
472;624.583.710-35;438721068
473;816.370.245-17;734602157
474;236.504.781-53;753162088
475;736.051.984-57;261038758
476;362.754.819-19;106784523
477;960.721.453-61;743621505
478;980.162.473-69;04685213X
479;041.378.269-78;651430872
480;256.498.710-94;35160487X
481;371.640.952-99;561807231
482;673.254.810-71;286405131
483;573.942.860-29;035217844
484;815.306.497-57;341507623
485;914.238.567-91;342561789
486;915.042.387-88;816427355
487;856.971.043-75;432850168
488;641.025.398-24;531206476
489;147.690.528-20;253041764
490;748.059.216-76;036471525
491;950.162.473-07;753240683
492;178.365.924-64;516472835
493;645.032.917-34;15047863X
494;529.160.748-30;348571069
495;127.058.436-71;032765186
496;306.984.527-47;468531208
497;962.450.713-99;613857021
498;847.135.290-79;624103870
499;709.135.684-57;783642106
500;068.395.741-48;61754802X
